Assigned;Assigned[%];Time[min];Iter;IterYield[%];Speed[it/s];AddedPert;AddedPert[%];HardStudentConf;StudentConf;DistStudentConf;CommitStudentConf;TimePref;RoomPref;DistInstrPref;GrConstPref;UselessHalfHours;BrokenTimePat;TooBigRooms
0;0.000;0.000;0;NaN;NaN;0;0.000;0;0;0;0;0.000;0;0;0;0;0;0
1;0.176;0.002;1;100.000;7.885;0;0.000;0;0;0;0;0.000;0;0;0;0;0;0
2;0.351;0.004;2;100.000;9.409;0;0.000;0;0;0;0;0.000;0;0;0;0;0;4
3;0.527;0.004;3;100.000;11.983;0;0.000;0;0;0;0;0.000;0;0;0;0;0;8
4;0.703;0.005;4;100.000;13.591;0;0.000;0;0;0;0;0.000;0;0;0;0;2;12
5;0.879;0.005;5;100.000;16.229;0;0.000;0;0;0;0;0.000;0;0;0;0;2;16
6;1.054;0.005;6;100.000;18.571;0;0.000;0;0;0;0;0.000;0;0;0;0;2;16
7;1.230;0.014;7;100.000;8.212;0;0.000;0;0;0;0;0.000;0;0;0;0;2;16
8;1.406;0.014;8;100.000;9.242;0;0.000;0;0;0;0;0.000;0;0;0;0;2;20
9;1.582;0.015;9;100.000;10.166;0;0.000;0;0;0;0;0.000;0;0;0;0;2;24
10;1.757;0.015;10;100.000;11.146;0;0.000;0;0;0;0;0.000;0;0;0;0;2;28
11;1.933;0.015;11;100.000;12.013;0;0.000;0;0;0;0;0.000;0;0;0;0;2;32
12;2.109;0.015;12;100.000;12.926;0;0.000;0;0;0;0;0.000;0;0;0;0;2;36
13;2.285;0.017;13;100.000;12.868;0;0.000;0;0;0;0;0.000;0;0;0;0;4;40
14;2.460;0.017;14;100.000;13.704;0;0.000;0;0;0;0;0.000;0;0;0;0;4;44
15;2.636;0.017;15;100.000;14.546;0;0.000;0;0;0;0;0.000;0;0;0;0;4;44
16;2.812;0.018;16;100.000;14.933;0;0.000;0;0;0;0;0.000;0;0;0;0;4;48
17;2.988;0.019;17;100.000;15.284;0;0.000;0;0;0;0;0.000;0;0;0;0;4;52
18;3.163;0.019;18;100.000;15.952;0;0.000;0;0;0;0;0.000;0;0;0;0;6;56
19;3.339;0.019;19;100.000;16.503;0;0.000;0;0;0;0;0.000;0;0;0;0;9;60
20;3.515;0.020;20;100.000;16.962;0;0.000;0;0;0;0;0.000;0;0;0;0;12;64
21;3.691;0.020;21;100.000;17.489;0;0.000;0;0;0;0;0.000;0;0;0;0;15;68
22;3.866;0.020;22;100.000;17.981;0;0.000;0;0;0;0;0.000;0;0;0;0;15;72
23;4.042;0.021;23;100.000;18.395;0;0.000;0;0;0;0;0.000;0;0;0;0;15;76
24;4.218;0.021;24;100.000;18.769;0;0.000;0;0;0;0;0.000;0;0;0;0;15;80
25;4.394;0.022;25;100.000;18.969;0;0.000;0;0;0;0;0.000;0;0;0;0;17;84
26;4.569;0.023;26;100.000;18.997;0;0.000;0;0;0;0;0.000;0;0;0;0;21;84
27;4.745;0.023;27;100.000;19.159;0;0.000;0;0;0;0;0.000;0;0;0;0;25;88
28;4.921;0.024;28;100.000;19.658;0;0.000;0;0;0;0;0.000;0;0;0;0;25;88
29;5.097;0.024;29;100.000;20.237;0;0.000;0;0;0;0;0.000;0;0;0;0;25;92
30;5.272;0.024;30;100.000;20.449;0;0.000;0;0;0;0;0.000;0;0;0;0;25;92
31;5.448;0.025;31;100.000;20.436;0;0.000;0;0;0;0;0.000;0;0;0;0;25;96
32;5.624;0.026;32;100.000;20.611;0;0.000;0;0;0;0;0.000;0;0;0;0;25;97
33;5.800;0.026;33;100.000;21.031;0;0.000;0;0;0;0;0.000;0;0;0;0;25;101
34;5.975;0.026;34;100.000;21.408;0;0.000;0;0;0;0;0.000;0;0;0;0;27;105
35;6.151;0.027;35;100.000;21.920;0;0.000;0;0;0;0;0.000;0;0;0;0;27;109
36;6.327;0.027;36;100.000;22.150;0;0.000;0;0;0;0;0.000;0;0;0;0;27;113
37;6.503;0.027;37;100.000;22.463;0;0.000;0;0;0;0;0.000;0;0;0;0;27;113
38;6.678;0.028;38;100.000;22.788;0;0.000;0;0;0;0;0.000;0;0;0;0;31;113
39;6.854;0.028;39;100.000;23.123;0;0.000;0;0;0;0;0.000;0;0;0;0;33;113
40;7.030;0.028;40;100.000;23.587;0;0.000;0;0;0;0;0.000;0;0;0;0;33;117
41;7.206;0.029;41;100.000;23.889;0;0.000;0;0;0;0;0.000;0;0;0;0;35;121
42;7.381;0.029;42;100.000;24.236;0;0.000;0;0;0;0;0.000;0;0;0;0;35;125
43;7.557;0.029;43;100.000;24.575;0;0.000;0;0;0;0;0.000;0;0;0;0;35;129
44;7.733;0.030;44;100.000;24.706;0;0.000;0;0;0;0;0.000;0;0;0;0;35;133
45;7.909;0.030;45;100.000;25.093;0;0.000;0;0;0;0;0.000;0;0;0;0;35;137
46;8.084;0.030;46;100.000;25.549;0;0.000;0;0;0;0;0.000;0;0;0;0;35;141
47;8.260;0.030;47;100.000;25.792;0;0.000;0;0;0;0;0.000;0;0;0;0;35;142
48;8.436;0.031;48;100.000;26.026;0;0.000;0;0;0;0;0.000;0;0;0;0;35;146
49;8.612;0.031;49;100.000;26.352;0;0.000;0;0;0;0;0.000;0;0;0;0;35;150
50;8.787;0.031;50;100.000;26.556;0;0.000;0;0;0;0;0.000;0;0;0;0;39;154
51;8.963;0.041;51;100.000;20.857;0;0.000;0;0;0;0;0.000;0;0;0;0;39;154
52;9.139;0.041;52;100.000;21.127;0;0.000;0;0;0;0;0.000;0;0;0;0;39;155
53;9.315;0.041;53;100.000;21.435;0;0.000;0;0;0;0;0.000;0;0;0;0;41;159
54;9.490;0.041;54;100.000;21.730;0;0.000;0;0;0;0;0.000;0;0;0;0;45;163
55;9.666;0.042;55;100.000;22.030;0;0.000;0;0;0;0;0.000;0;0;0;0;45;167
56;9.842;0.042;56;100.000;22.019;0;0.000;0;0;0;0;0.000;0;0;0;0;45;167
57;10.018;0.043;57;100.000;22.350;0;0.000;0;0;0;0;0.000;0;0;0;0;45;171
58;10.193;0.043;58;100.000;22.628;0;0.000;0;0;0;0;0.000;0;0;0;0;45;175
59;10.369;0.043;59;100.000;22.859;0;0.000;0;0;0;0;0.000;0;0;0;0;45;179
60;10.545;0.043;60;100.000;22.992;0;0.000;0;0;0;0;0.000;0;0;0;0;45;183
61;10.721;0.044;61;100.000;23.189;0;0.000;0;0;0;0;0.000;0;0;0;0;45;187
62;10.896;0.044;62;100.000;23.316;0;0.000;0;0;0;0;0.000;0;0;0;0;45;191
63;11.072;0.045;63;100.000;23.525;0;0.000;0;0;0;0;0.000;0;0;0;0;45;195
64;11.248;0.045;64;100.000;23.801;0;0.000;0;0;0;0;0.000;0;0;0;0;45;199
65;11.424;0.045;65;100.000;23.839;0;0.000;0;0;0;0;0.000;0;0;0;0;45;203
66;11.599;0.046;66;100.000;23.946;0;0.000;0;0;0;0;0.000;0;0;0;0;45;203
67;11.775;0.046;67;100.000;24.173;0;0.000;0;0;0;0;0.000;0;0;0;0;45;207
68;11.951;0.046;68;100.000;24.417;0;0.000;0;0;0;0;0.000;0;0;0;0;45;211
69;12.127;0.047;69;100.000;24.472;0;0.000;0;0;0;0;0.000;0;0;0;0;47;215
70;12.302;0.048;70;100.000;24.443;0;0.000;0;0;0;0;0.000;0;0;0;0;47;215
71;12.478;0.048;71;100.000;24.533;0;0.000;0;0;0;0;0.000;0;0;0;0;47;219
72;12.654;0.049;72;100.000;24.582;0;0.000;0;0;0;0;0.000;0;0;0;0;49;219
73;12.830;0.049;73;100.000;24.867;0;0.000;0;0;0;0;0.000;0;0;0;0;65;219
74;13.005;0.049;74;100.000;25.110;0;0.000;0;0;0;0;0.000;0;0;0;0;65;223
75;13.181;0.049;75;100.000;25.308;0;0.000;0;0;0;0;0.000;0;0;0;0;65;224
76;13.357;0.050;76;100.000;25.210;0;0.000;0;0;0;0;0.000;0;0;0;0;67;228
77;13.533;0.051;77;100.000;25.354;0;0.000;0;0;0;0;0.000;0;0;0;0;67;232
78;13.708;0.051;78;100.000;25.264;0;0.000;0;0;0;0;0.000;0;0;0;0;67;236
79;13.884;0.052;79;100.000;25.513;0;0.000;0;0;0;0;0.000;0;0;0;0;67;240
80;14.060;0.052;80;100.000;25.776;0;0.000;0;0;0;0;0.000;0;0;0;0;67;240
81;14.236;0.052;81;100.000;25.940;0;0.000;0;0;0;0;0.000;0;0;0;0;67;244
82;14.411;0.052;82;100.000;26.194;0;0.000;0;0;0;0;0.000;0;0;0;0;67;245
83;14.587;0.053;83;100.000;26.285;0;0.000;0;0;0;0;0.000;0;0;0;0;67;249
84;14.763;0.053;84;100.000;26.365;0;0.000;0;0;0;0;0.000;0;0;0;0;69;253
85;14.938;0.053;85;100.000;26.602;0;0.000;0;0;0;0;0.000;0;0;0;0;69;253
86;15.114;0.054;86;100.000;26.467;0;0.000;0;0;0;0;0.000;0;0;0;0;71;253
87;15.290;0.055;87;100.000;26.538;0;0.000;0;0;0;0;0.000;0;0;0;0;71;257
88;15.466;0.055;88;100.000;26.694;0;0.000;0;0;0;0;0.000;0;0;0;0;71;257
89;15.641;0.055;89;100.000;26.941;0;0.000;0;0;0;0;0.000;0;0;0;0;73;261
90;15.817;0.056;90;100.000;26.864;0;0.000;0;0;0;0;0.000;0;0;0;0;73;265
91;15.993;0.056;91;100.000;26.907;0;0.000;0;0;0;0;0.000;0;0;0;0;73;265
92;16.169;0.057;92;100.000;27.004;0;0.000;0;0;0;0;0.000;0;0;0;0;75;269
93;16.344;0.057;93;100.000;27.106;0;0.000;0;0;0;0;0.000;0;0;0;0;75;273
94;16.520;0.057;94;100.000;27.312;0;0.000;0;0;0;0;0.000;0;0;0;0;75;273
95;16.696;0.058;95;100.000;27.432;0;0.000;0;0;0;0;0.000;0;0;0;0;79;273
96;16.872;0.058;96;100.000;27.659;0;0.000;0;0;0;0;0.000;0;0;0;0;79;277
97;17.047;0.058;97;100.000;27.862;0;0.000;0;0;0;0;0.000;0;0;0;0;79;281
98;17.223;0.058;98;100.000;28.068;0;0.000;0;0;0;0;0.000;0;0;0;0;79;285
99;17.399;0.059;99;100.000;27.949;0;0.000;0;0;0;0;0.000;0;0;0;0;79;289
100;17.575;0.059;100;100.000;28.037;0;0.000;0;0;0;0;0.000;0;0;0;0;79;293
101;17.750;0.060;101;100.000;28.104;0;0.000;0;0;0;0;0.000;0;0;0;0;79;297
102;17.926;0.060;102;100.000;28.151;0;0.000;0;0;0;0;0.000;0;0;0;0;81;301
103;18.102;0.061;103;100.000;28.292;0;0.000;0;0;0;0;0.000;0;0;0;0;81;301
104;18.278;0.061;104;100.000;28.421;0;0.000;0;0;0;0;0.000;0;0;0;0;81;305
105;18.453;0.062;105;100.000;28.434;0;0.000;0;0;0;0;0.000;0;0;0;0;81;309
106;18.629;0.062;106;100.000;28.583;0;0.000;0;0;0;0;0.000;0;0;0;0;84;309
107;18.805;0.062;107;100.000;28.680;0;0.000;0;0;0;0;0.000;0;0;0;0;84;313
108;18.981;0.063;108;100.000;28.766;0;0.000;0;0;0;0;0.000;0;0;0;0;84;317
109;19.156;0.072;109;100.000;25.324;0;0.000;0;0;0;0;0.000;0;0;0;0;84;321
110;19.332;0.072;110;100.000;25.496;0;0.000;0;0;0;0;0.000;0;0;0;0;84;325
111;19.508;0.072;111;100.000;25.701;0;0.000;0;0;0;0;0.000;0;0;0;0;84;325
112;19.684;0.072;112;100.000;25.849;0;0.000;0;0;0;0;0.000;0;0;0;0;84;329
113;19.859;0.073;113;100.000;25.959;0;0.000;0;0;0;0;0.000;0;0;0;0;84;333
114;20.035;0.073;114;100.000;25.993;0;0.000;0;0;0;0;0.000;0;0;0;0;84;333
115;20.211;0.073;115;100.000;26.185;0;0.000;0;0;0;0;0.000;0;0;0;0;87;337
116;20.387;0.074;116;100.000;26.270;0;0.000;0;0;0;0;0.000;0;0;0;0;87;341
117;20.562;0.074;117;100.000;26.416;0;0.000;0;0;0;0;0.000;0;0;0;0;89;345
118;20.738;0.074;118;100.000;26.608;0;0.000;0;0;0;0;0.000;0;0;0;0;89;349
119;20.914;0.074;119;100.000;26.642;0;0.000;0;0;0;0;0.000;0;0;0;0;89;349
120;21.090;0.075;120;100.000;26.828;0;0.000;0;0;0;0;0.000;0;0;0;0;89;349
121;21.265;0.075;121;100.000;26.979;0;0.000;0;0;0;0;0.000;0;0;0;0;89;353
122;21.441;0.075;122;100.000;27.157;0;0.000;0;0;0;0;0.000;0;0;0;0;92;357
123;21.617;0.075;123;100.000;27.271;0;0.000;0;0;0;0;0.000;0;0;0;0;92;361
124;21.793;0.075;124;100.000;27.381;0;0.000;0;0;0;0;0.000;0;0;0;0;92;365
125;21.968;0.076;125;100.000;27.467;0;0.000;0;0;0;0;0.000;0;0;0;0;92;369
126;22.144;0.076;126;100.000;27.458;0;0.000;0;0;0;0;0.000;0;0;0;0;92;373
127;22.320;0.077;127;100.000;27.643;0;0.000;0;0;0;0;0.000;0;0;0;0;95;377
128;22.496;0.077;128;100.000;27.823;0;0.000;0;0;0;0;0.000;0;0;0;0;97;381
129;22.671;0.077;129;100.000;27.963;0;0.000;0;0;0;0;0.000;0;0;0;0;97;385
130;22.847;0.077;130;100.000;28.054;0;0.000;0;0;0;0;0.000;0;0;0;0;97;389
131;23.023;0.078;131;100.000;28.134;0;0.000;0;0;0;0;0.000;0;0;0;0;97;393
132;23.199;0.078;132;100.000;28.307;0;0.000;0;0;0;0;0.000;0;0;0;0;99;397
133;23.374;0.078;133;100.000;28.477;0;0.000;0;0;0;0;0.000;0;0;0;0;99;401
134;23.550;0.078;134;100.000;28.646;0;0.000;0;0;0;0;0.000;0;0;0;0;99;405
135;23.726;0.078;135;100.000;28.812;0;0.000;0;0;0;0;0.000;0;0;0;0;99;409
136;23.902;0.079;136;100.000;28.626;0;0.000;0;0;0;0;0.000;0;0;0;0;99;413
137;24.077;0.080;137;100.000;28.650;0;0.000;0;0;0;0;0.000;0;0;0;0;101;417
138;24.253;0.080;138;100.000;28.785;0;0.000;0;0;0;0;0.000;0;0;0;0;101;421
139;24.429;0.080;139;100.000;28.952;0;0.000;0;0;0;0;0.000;0;0;0;0;101;425
140;24.605;0.080;140;100.000;29.101;0;0.000;0;0;0;0;0.000;0;0;0;0;101;429
141;24.780;0.081;141;100.000;29.106;0;0.000;0;0;0;0;0.000;0;0;0;0;101;433
142;24.956;0.081;142;100.000;29.178;0;0.000;0;0;0;0;0.000;0;0;0;0;101;437
143;25.132;0.081;143;100.000;29.355;0;0.000;0;0;0;0;0.000;0;0;0;0;101;441
144;25.308;0.081;144;100.000;29.510;0;0.000;0;0;0;0;0.000;0;0;0;1;101;445
145;25.483;0.082;145;100.000;29.621;0;0.000;0;0;0;0;0.000;0;0;0;1;101;449
146;25.659;0.082;146;100.000;29.643;0;0.000;0;0;0;0;0.000;0;0;0;1;101;453
147;25.835;0.082;147;100.000;29.809;0;0.000;0;0;0;0;0.000;0;0;0;1;101;457
148;26.011;0.082;148;100.000;29.971;0;0.000;0;0;0;0;0.000;0;0;0;1;101;461
149;26.186;0.083;149;100.000;30.069;0;0.000;0;0;0;0;0.000;0;0;0;1;103;461
150;26.362;0.083;150;100.000;30.181;0;0.000;0;0;0;0;0.000;0;0;0;1;105;465
151;26.538;0.083;151;100.000;30.336;0;0.000;0;0;0;0;0.000;0;0;0;1;105;469
152;26.714;0.083;152;100.000;30.369;0;0.000;0;0;0;0;0.000;0;0;0;1;105;470
153;26.889;0.084;153;100.000;30.526;0;0.000;0;0;0;0;0.000;0;0;0;2;105;474
154;27.065;0.084;154;100.000;30.661;0;0.000;0;0;0;0;0.000;0;0;0;3;109;478
155;27.241;0.084;155;100.000;30.830;0;0.000;0;0;0;0;0.000;0;0;0;3;109;478
156;27.417;0.084;156;100.000;30.925;0;0.000;0;0;0;0;0.000;0;0;0;3;109;482
157;27.592;0.084;157;100.000;31.011;0;0.000;0;2;0;0;0.000;0;0;0;3;109;482
158;27.768;0.085;158;100.000;31.050;0;0.000;0;2;0;0;0.000;0;0;0;3;109;486
159;27.944;0.085;159;100.000;31.097;0;0.000;0;2;0;0;0.000;0;0;0;3;109;486
160;28.120;0.085;160;100.000;31.200;0;0.000;0;2;0;0;0.000;0;0;0;3;109;490
161;28.295;0.086;161;100.000;31.137;0;0.000;0;2;0;0;0.000;0;0;0;3;109;494
162;28.471;0.087;162;100.000;31.183;0;0.000;0;2;0;0;0.000;0;0;0;3;109;498
163;28.647;0.087;163;100.000;31.205;0;0.000;0;2;0;0;0.000;0;0;0;3;109;502
164;28.822;0.088;164;100.000;31.234;0;0.000;0;2;0;0;0.000;0;0;0;3;109;506
165;28.998;0.088;165;100.000;31.360;0;0.000;0;2;0;0;0.000;0;0;0;3;109;510
166;29.174;0.088;166;100.000;31.492;0;0.000;0;2;0;0;0.000;0;0;0;4;109;514
167;29.350;0.088;167;100.000;31.522;0;0.000;0;5;2;0;0.000;0;0;0;4;109;514
168;29.525;0.089;168;100.000;31.547;0;0.000;0;5;2;0;0.000;0;0;0;4;109;518
169;29.701;0.089;169;100.000;31.629;0;0.000;0;5;2;0;0.000;0;0;0;4;109;522
170;29.877;0.089;170;100.000;31.760;0;0.000;0;5;2;0;0.000;0;0;0;4;109;526
171;30.053;0.090;171;100.000;31.829;0;0.000;0;5;2;0;0.000;0;0;0;4;109;530
172;30.228;0.090;172;100.000;31.941;0;0.000;0;5;2;0;0.000;0;0;0;4;109;534
173;30.404;0.091;173;100.000;31.852;0;0.000;0;5;2;0;0.000;0;0;0;4;111;538
174;30.580;0.091;174;100.000;31.885;0;0.000;0;5;2;0;0.000;0;0;0;4;111;542
175;30.756;0.091;175;100.000;31.923;0;0.000;0;5;2;0;0.000;0;0;0;4;111;546
176;30.931;0.092;176;100.000;32.013;0;0.000;0;5;2;0;0.000;0;0;0;4;111;546
177;31.107;0.092;177;100.000;32.081;0;0.000;0;5;2;0;0.000;0;0;0;4;114;550
178;31.283;0.092;178;100.000;32.102;0;0.000;0;5;2;0;0.000;0;0;0;4;114;550
179;31.459;0.093;179;100.000;32.223;0;0.000;0;5;2;0;0.000;0;0;0;4;114;550
180;31.634;0.093;180;100.000;32.330;0;0.000;0;5;2;0;0.000;0;0;0;4;114;554
181;31.810;0.093;181;100.000;32.448;0;0.000;0;5;2;0;0.000;0;0;0;5;114;558
182;31.986;0.093;182;100.000;32.534;0;0.000;0;5;2;0;0.000;0;0;0;5;114;562
183;32.162;0.094;183;100.000;32.493;0;0.000;0;5;2;0;0.000;0;0;0;5;116;566
184;32.337;0.094;184;100.000;32.616;0;0.000;0;5;2;0;0.000;0;0;0;5;116;567
185;32.513;0.094;185;100.000;32.681;0;0.000;0;5;2;0;0.000;0;0;0;5;116;571
186;32.689;0.095;186;100.000;32.766;0;0.000;0;5;2;0;0.000;0;0;0;6;116;575
187;32.865;0.095;187;100.000;32.847;0;0.000;0;5;2;0;0.000;0;0;0;6;116;579
188;33.040;0.095;188;100.000;32.913;0;0.000;0;5;2;0;0.000;0;0;0;6;116;583
189;33.216;0.095;189;100.000;33.042;0;0.000;0;5;2;0;0.000;0;0;0;6;116;587
190;33.392;0.096;190;100.000;33.138;0;0.000;0;5;2;0;0.000;0;0;0;6;120;591
191;33.568;0.096;191;100.000;33.221;0;0.000;0;5;2;0;0.000;0;0;0;6;120;595
192;33.743;0.096;192;100.000;33.303;0;0.000;0;5;2;0;0.000;0;0;0;6;122;595
193;33.919;0.096;193;100.000;33.410;0;0.000;0;5;2;0;0.000;0;0;0;6;122;599
194;34.095;0.096;194;100.000;33.531;0;0.000;0;5;2;0;0.000;0;0;0;6;125;603
195;34.271;0.097;195;100.000;33.623;0;0.000;0;5;2;0;0.000;0;0;0;6;125;607
196;34.446;0.097;196;100.000;33.743;0;0.000;0;5;2;0;0.000;0;0;0;6;125;611
197;34.622;0.097;197;100.000;33.779;0;0.000;0;5;2;0;0.000;0;0;0;6;127;615
198;34.798;0.097;198;100.000;33.868;0;0.000;0;5;2;0;0.000;0;0;0;6;127;619
199;34.974;0.098;199;100.000;33.878;0;0.000;0;5;2;0;0.000;0;0;0;6;127;623
200;35.149;0.098;200;100.000;33.951;0;0.000;0;5;2;0;0.000;0;0;0;6;127;627
201;35.325;0.098;201;100.000;34.069;0;0.000;0;5;2;0;0.000;0;0;0;7;127;631
202;35.501;0.099;202;100.000;34.169;0;0.000;0;5;2;0;0.000;0;0;0;7;127;635
203;35.677;0.099;203;100.000;34.277;0;0.000;0;5;2;0;0.000;0;0;0;7;127;639
204;35.852;0.099;204;100.000;34.365;0;0.000;0;5;2;0;0.000;0;0;0;7;127;640
205;36.028;0.099;205;100.000;34.409;0;0.000;0;5;2;0;0.000;0;0;0;7;127;644
206;36.204;0.100;206;100.000;34.457;0;0.000;0;5;2;0;0.000;0;0;0;7;127;644
207;36.380;0.100;207;100.000;34.520;0;0.000;0;5;2;0;0.000;0;0;0;7;127;648
208;36.555;0.100;208;100.000;34.580;0;0.000;0;25;2;0;0.000;0;0;0;7;127;649
209;36.731;0.101;209;100.000;34.654;0;0.000;0;25;2;0;0.000;0;0;0;7;127;653
210;36.907;0.101;210;100.000;34.743;0;0.000;0;25;2;0;0.000;0;0;0;7;129;653
211;37.083;0.101;211;100.000;34.863;0;0.000;0;25;2;0;0.000;0;0;0;7;129;657
212;37.258;0.101;212;100.000;34.974;0;0.000;0;25;2;0;0.000;0;0;0;7;129;661
213;37.434;0.101;213;100.000;35.035;0;0.000;0;25;2;0;0.000;0;0;0;7;129;665
214;37.610;0.102;214;100.000;35.121;0;0.000;0;25;2;0;0.000;0;0;0;7;129;669
215;37.786;0.102;215;100.000;35.212;0;0.000;0;25;2;0;0.000;0;0;0;7;129;673
216;37.961;0.102;216;100.000;35.312;0;0.000;0;25;2;0;0.000;0;0;0;7;129;677
217;38.137;0.102;217;100.000;35.391;0;0.000;0;25;2;0;0.000;0;0;0;7;129;677
218;38.313;0.103;218;100.000;35.432;0;0.000;0;25;2;0;0.000;0;0;0;7;129;681
219;38.489;0.103;219;100.000;35.507;0;0.000;0;25;2;0;0.000;0;0;0;7;129;681
220;38.664;0.103;220;100.000;35.621;0;0.000;0;25;2;0;0.000;0;0;0;7;129;685
221;38.840;0.103;221;100.000;35.665;0;0.000;0;25;2;0;0.000;0;0;0;7;129;689
222;39.016;0.104;222;100.000;35.674;0;0.000;0;25;2;0;0.000;0;0;0;7;129;693
223;39.192;0.104;223;100.000;35.753;0;0.000;0;34;11;0;0.000;0;0;0;7;129;694
224;39.367;0.104;224;100.000;35.829;0;0.000;0;34;11;0;10.000;0;0;0;7;129;698
225;39.543;0.104;225;100.000;35.901;0;0.000;0;34;11;0;10.000;0;0;0;7;129;698
226;39.719;0.105;226;100.000;36.005;0;0.000;0;34;11;0;10.000;0;0;0;7;129;702
227;39.895;0.105;227;100.000;35.991;0;0.000;0;34;11;0;10.000;0;0;0;7;131;706
228;40.070;0.105;228;100.000;36.112;0;0.000;0;34;11;0;10.000;0;0;0;7;131;706
229;40.246;0.105;229;100.000;36.229;0;0.000;0;34;11;0;10.000;0;0;0;7;131;710
230;40.422;0.106;230;100.000;36.283;0;0.000;0;34;11;0;10.000;0;0;0;7;131;714
231;40.598;0.106;231;100.000;36.315;0;0.000;0;34;11;0;10.000;0;0;0;7;131;714
232;40.773;0.106;232;100.000;36.421;0;0.000;0;34;11;0;10.000;0;0;0;7;133;718
233;40.949;0.106;233;100.000;36.499;0;0.000;0;34;11;0;10.000;0;0;0;7;133;722
234;41.125;0.107;234;100.000;36.454;0;0.000;0;34;11;0;10.000;0;0;0;7;133;726
235;41.301;0.107;235;100.000;36.570;0;0.000;0;34;11;0;10.000;0;0;0;7;135;730
236;41.476;0.107;236;100.000;36.657;0;0.000;0;34;11;0;10.000;0;0;0;8;135;734
237;41.652;0.107;237;100.000;36.768;0;0.000;0;34;11;0;10.000;0;0;0;8;135;738
238;41.828;0.108;238;100.000;36.774;0;0.000;3;58;12;0;10.000;0;0;0;8;135;738
239;42.004;0.108;239;100.000;36.820;0;0.000;3;58;12;0;10.000;0;0;0;8;135;742
240;42.179;0.109;240;100.000;36.857;0;0.000;3;58;12;0;10.000;0;0;0;8;139;742
241;42.355;0.109;241;100.000;36.915;0;0.000;3;58;12;0;10.000;0;0;0;8;141;746
242;42.531;0.109;242;100.000;36.911;0;0.000;3;58;12;0;10.000;0;0;0;8;141;750
243;42.707;0.110;243;100.000;36.948;0;0.000;3;58;12;0;10.000;0;0;0;8;141;754
244;42.882;0.110;244;100.000;36.935;0;0.000;3;58;12;0;10.000;0;0;0;8;141;754
245;43.058;0.110;245;100.000;37.010;0;0.000;3;58;12;0;10.000;0;0;0;8;141;758
246;43.234;0.111;246;100.000;36.993;0;0.000;3;72;15;0;10.000;0;0;0;8;141;758
247;43.409;0.111;247;100.000;37.040;0;0.000;3;72;15;0;10.000;0;0;0;8;143;762
248;43.585;0.111;248;100.000;37.076;0;0.000;3;72;15;0;10.000;0;0;0;9;143;766
249;43.761;0.112;249;100.000;37.100;0;0.000;3;75;15;0;10.000;0;0;0;9;143;770
250;43.937;0.112;250;100.000;37.147;0;0.000;3;75;15;0;10.000;0;0;0;9;143;774
251;44.112;0.113;251;100.000;37.034;0;0.000;3;88;15;0;10.000;0;0;0;9;145;775
252;44.288;0.113;252;100.000;37.143;0;0.000;3;88;15;0;10.000;0;0;0;9;145;779
253;44.464;0.113;253;100.000;37.190;0;0.000;3;88;15;0;10.000;0;0;0;9;145;783
254;44.640;0.114;254;100.000;37.250;0;0.000;3;88;15;0;10.000;0;0;0;9;145;787
255;44.815;0.114;255;100.000;37.330;0;0.000;3;88;15;0;10.000;0;0;0;9;145;787
256;44.991;0.114;256;100.000;37.352;0;0.000;3;88;15;0;10.000;0;0;0;9;145;791
257;45.167;0.114;257;100.000;37.432;0;0.000;3;88;15;0;10.000;0;0;0;9;147;791
258;45.343;0.115;258;100.000;37.446;0;0.000;3;88;15;0;10.000;0;0;0;9;147;795
259;45.518;0.115;259;100.000;37.480;0;0.000;3;88;15;0;10.000;0;0;0;9;147;795
260;45.694;0.115;260;100.000;37.520;0;0.000;3;89;15;0;10.000;0;0;0;9;147;799
261;45.870;0.116;261;100.000;37.608;0;0.000;3;89;15;0;10.000;0;0;0;10;149;803
262;46.046;0.116;262;100.000;37.571;0;0.000;3;89;15;0;10.000;0;0;0;10;149;807
263;46.221;0.116;263;100.000;37.655;0;0.000;3;89;15;0;10.000;0;0;0;10;149;811
264;46.397;0.117;264;100.000;37.743;0;0.000;3;89;15;0;10.000;0;0;0;10;149;815
265;46.573;0.117;265;100.000;37.708;0;0.000;3;89;15;0;10.000;0;0;0;11;149;819
266;46.749;0.118;266;100.000;37.671;0;0.000;3;89;15;0;10.000;0;0;0;11;151;819
267;46.924;0.118;267;100.000;37.686;0;0.000;3;93;15;0;10.000;0;0;0;11;155;819
268;47.100;0.118;268;100.000;37.766;0;0.000;3;93;15;0;10.000;0;0;0;11;157;823
269;47.276;0.119;269;100.000;37.634;0;0.000;3;93;15;0;10.000;0;0;0;11;157;824
270;47.452;0.120;270;100.000;37.657;0;0.000;3;93;15;0;10.000;0;0;0;11;157;828
271;47.627;0.120;271;100.000;37.703;0;0.000;3;93;15;0;20.000;0;0;0;11;161;832
272;47.803;0.120;272;100.000;37.726;0;0.000;3;93;15;0;20.000;0;0;0;11;161;836
273;47.979;0.120;273;100.000;37.810;0;0.000;3;93;15;0;20.000;0;0;0;11;161;836
274;48.155;0.121;274;100.000;37.844;0;0.000;3;93;15;0;20.000;0;0;0;11;161;840
275;48.330;0.121;275;100.000;37.934;0;0.000;3;93;15;0;20.000;0;0;0;11;163;844
276;48.506;0.121;276;100.000;37.903;0;0.000;3;93;15;0;20.000;0;0;0;11;163;848
277;48.682;0.122;277;100.000;37.994;0;0.000;3;93;15;0;20.000;0;0;0;11;166;848
278;48.858;0.122;278;100.000;37.958;0;0.000;3;93;15;0;20.000;0;0;0;11;168;852
279;49.033;0.122;279;100.000;38.037;0;0.000;3;93;15;0;20.000;0;0;0;11;168;856
280;49.209;0.123;280;100.000;38.011;0;0.000;3;93;15;0;20.000;0;0;0;11;170;860
281;49.385;0.123;281;100.000;38.044;0;0.000;3;93;15;0;20.000;0;0;0;11;170;864
282;49.561;0.123;282;100.000;38.136;0;0.000;3;93;15;0;20.000;0;0;0;11;170;864
283;49.736;0.124;283;100.000;38.179;0;0.000;3;93;15;0;20.000;0;0;0;11;172;868
284;49.912;0.124;284;100.000;38.238;0;0.000;3;93;15;0;20.000;0;0;0;11;172;872
285;50.088;0.124;285;100.000;38.325;0;0.000;3;93;15;0;20.000;0;0;0;12;172;876
286;50.264;0.124;286;100.000;38.313;0;0.000;3;93;15;0;20.000;0;0;0;12;172;880
287;50.439;0.125;287;100.000;38.386;0;0.000;3;93;15;0;20.000;0;0;0;12;175;884
288;50.615;0.125;288;100.000;38.441;0;0.000;3;93;15;0;20.000;0;0;0;12;175;888
289;50.791;0.125;289;100.000;38.402;0;0.000;3;93;15;0;20.000;0;0;0;12;175;888
290;50.967;0.126;290;100.000;38.376;0;0.000;3;93;15;0;20.000;0;0;0;12;175;892
291;51.142;0.126;291;100.000;38.396;0;0.000;3;93;15;0;20.000;0;0;0;12;175;896
292;51.318;0.127;292;100.000;38.411;0;0.000;3;93;15;0;30.000;0;0;0;12;175;900
293;51.494;0.127;293;100.000;38.374;0;0.000;3;93;15;0;30.000;0;0;0;12;175;904
294;51.670;0.128;294;100.000;38.419;0;0.000;3;93;15;0;30.000;0;0;0;12;175;908
295;51.845;0.128;295;100.000;38.394;0;0.000;3;93;15;0;30.000;0;0;0;12;175;912
296;52.021;0.129;296;100.000;38.338;0;0.000;3;93;15;0;40.000;0;0;0;12;177;912
297;52.197;0.129;297;100.000;38.366;0;0.000;3;93;15;0;40.000;0;0;0;12;177;916
298;52.373;0.129;298;100.000;38.399;0;0.000;3;93;15;0;40.000;0;0;0;12;177;920
299;52.548;0.130;299;100.000;38.420;0;0.000;3;93;15;0;50.000;0;0;0;12;180;924
300;52.724;0.130;300;100.000;38.379;0;0.000;3;93;15;0;50.000;0;0;0;12;180;928
301;52.900;0.131;301;100.000;38.436;0;0.000;3;93;15;0;50.000;0;0;0;12;180;928
302;53.076;0.131;302;100.000;38.483;0;0.000;3;93;15;0;50.000;0;0;0;12;180;928
303;53.251;0.131;303;100.000;38.505;0;0.000;3;93;15;0;60.000;0;0;0;12;182;932
304;53.427;0.132;305;99.672;38.503;0;0.000;3;93;15;0;60.000;0;0;0;11;184;936
305;53.603;0.132;306;99.673;38.560;0;0.000;3;93;15;0;60.000;0;0;0;11;184;936
306;53.779;0.133;308;99.351;38.638;0;0.000;3;93;15;0;60.000;0;0;0;11;184;940
307;53.954;0.133;309;99.353;38.717;0;0.000;3;93;15;0;60.000;0;0;0;11;184;944
308;54.130;0.133;310;99.355;38.769;0;0.000;3;93;15;0;60.000;0;0;0;11;184;948
309;54.306;0.134;311;99.357;38.776;0;0.000;3;93;15;0;60.000;0;0;0;11;184;952
310;54.482;0.134;312;99.359;38.781;0;0.000;3;93;15;0;60.000;0;0;0;11;186;956
311;54.657;0.135;314;99.045;38.761;0;0.000;3;94;16;0;60.000;0;0;0;11;184;956
312;54.833;0.135;315;99.048;38.829;0;0.000;3;94;16;0;60.000;0;0;0;11;186;960
313;55.009;0.135;316;99.051;38.902;0;0.000;3;94;16;0;60.000;0;0;0;11;186;960
314;55.185;0.136;317;99.054;38.915;0;0.000;3;94;16;0;60.000;0;0;0;11;186;960
315;55.360;0.136;318;99.057;38.861;0;0.000;3;94;16;0;60.000;0;0;0;11;188;960
316;55.536;0.137;319;99.060;38.858;0;0.000;3;94;16;0;60.000;0;0;0;11;190;964
317;55.712;0.137;320;99.062;38.819;0;0.000;3;94;16;0;60.000;0;0;0;11;192;965
318;55.888;0.137;321;99.065;38.916;0;0.000;3;94;16;0;60.000;0;0;0;11;192;969
319;56.063;0.138;322;99.068;38.925;0;0.000;3;94;16;0;60.000;0;0;0;11;194;973
320;56.239;0.138;323;99.071;39.006;0;0.000;3;94;16;0;60.000;0;0;0;11;194;973
321;56.415;0.138;324;99.074;38.998;0;0.000;3;94;16;0;60.000;0;0;0;12;196;977
322;56.591;0.139;325;99.077;39.077;0;0.000;3;94;16;0;60.000;0;0;0;12;198;978
323;56.766;0.140;326;99.080;38.881;0;0.000;5;100;22;0;60.000;0;0;0;12;198;982
324;56.942;0.140;327;99.083;38.910;0;0.000;5;100;22;0;60.000;0;0;0;12;198;982
325;57.118;0.140;328;99.085;38.912;0;0.000;5;100;22;0;60.000;0;0;0;12;198;986
326;57.293;0.141;329;99.088;38.993;0;0.000;5;100;22;0;60.000;0;0;0;12;200;986
327;57.469;0.141;330;99.091;39.048;0;0.000;5;100;22;0;60.000;0;0;0;12;202;990
328;57.645;0.141;331;99.094;39.000;0;0.000;5;100;22;0;60.000;0;0;0;12;202;994
329;57.821;0.142;332;99.096;39.075;0;0.000;5;100;22;0;60.000;0;0;0;12;202;998
330;57.996;0.142;333;99.099;39.123;0;0.000;5;100;22;0;70.000;0;0;0;12;206;1002
331;58.172;0.142;334;99.102;39.154;0;0.000;5;100;22;0;70.000;0;0;0;12;206;1006
332;58.348;0.143;335;99.104;39.124;0;0.000;5;100;22;0;70.000;0;0;0;12;206;1010
333;58.524;0.143;336;99.107;39.133;0;0.000;5;100;22;0;70.000;0;0;0;12;208;1014
334;58.699;0.143;337;99.110;39.150;0;0.000;5;100;22;0;70.000;0;0;0;12;208;1018
335;58.875;0.144;338;99.112;39.232;0;0.000;5;100;22;0;70.000;0;0;0;12;210;1022
336;59.051;0.144;340;98.824;39.308;0;0.000;5;100;22;0;70.000;0;0;0;12;209;1030
337;59.227;0.145;342;98.538;39.418;0;0.000;5;100;22;0;70.000;0;0;0;12;209;1030
338;59.402;0.145;343;98.542;39.408;0;0.000;5;102;22;0;70.000;0;0;0;12;209;1034
339;59.578;0.145;344;98.547;39.486;0;0.000;5;102;22;0;70.000;0;0;0;12;209;1038
340;59.754;0.145;345;98.551;39.523;0;0.000;5;102;22;0;80.000;0;0;0;12;211;1042
341;59.930;0.146;346;98.555;39.571;0;0.000;5;102;22;0;80.000;0;0;0;12;211;1046
342;60.105;0.146;347;98.559;39.630;0;0.000;5;102;22;0;80.000;0;0;0;12;213;1050
343;60.281;0.146;349;98.281;39.722;0;0.000;5;102;22;0;80.000;0;0;0;12;213;1050
344;60.457;0.147;350;98.286;39.798;0;0.000;5;102;22;0;80.000;0;0;0;12;213;1054
345;60.633;0.147;352;98.011;39.944;0;0.000;5;102;22;0;80.000;0;0;0;12;215;1058
346;60.808;0.147;353;98.017;39.968;0;0.000;5;105;22;0;80.000;0;0;0;13;215;1062
347;60.984;0.148;354;98.023;39.932;0;0.000;5;111;28;0;80.000;0;0;0;13;215;1062
348;61.160;0.148;355;98.028;39.951;0;0.000;5;112;28;0;80.000;0;0;0;13;215;1066
349;61.336;0.148;357;97.759;40.092;0;0.000;5;112;28;0;80.000;0;0;0;13;214;1066
350;61.511;0.149;358;97.765;40.124;0;0.000;5;112;28;0;80.000;0;0;0;13;216;1070
351;61.687;0.149;359;97.772;40.159;0;0.000;5;129;28;0;80.000;0;0;0;13;216;1074
352;61.863;0.149;360;97.778;40.245;0;0.000;5;129;28;0;80.000;0;0;0;13;216;1078
353;62.039;0.149;362;97.514;40.363;0;0.000;5;129;28;0;90.000;0;0;0;13;217;1083
354;62.214;0.150;363;97.521;40.435;0;0.000;5;129;28;0;90.000;0;0;0;15;217;1087
355;62.390;0.150;365;97.260;40.520;0;0.000;5;129;28;0;90.000;0;0;0;14;219;1091
356;62.566;0.150;366;97.268;40.559;0;0.000;5;129;28;0;90.000;0;0;0;14;219;1095
357;62.742;0.151;367;97.275;40.599;0;0.000;5;129;28;0;90.000;0;0;0;14;221;1099
358;62.917;0.151;369;97.019;40.709;0;0.000;5;129;28;0;90.000;0;0;0;15;221;1100
359;63.093;0.151;370;97.027;40.746;0;0.000;5;129;28;0;90.000;0;0;0;15;225;1104
360;63.269;0.152;371;97.035;40.764;0;0.000;5;130;29;0;90.000;0;0;0;15;227;1108
361;63.445;0.152;373;96.783;40.891;0;0.000;5;130;29;0;90.000;0;0;0;16;230;1112
362;63.620;0.152;375;96.533;41.045;0;0.000;5;130;29;0;90.000;0;0;0;16;230;1116
363;63.796;0.153;378;96.032;41.181;0;0.000;5;130;29;0;100.000;0;0;0;16;235;1124
364;63.972;0.153;379;96.042;41.242;0;0.000;5;130;29;0;100.000;0;0;0;16;238;1128
365;64.148;0.153;380;96.053;41.289;0;0.000;5;130;29;0;100.000;0;0;0;16;238;1128
366;64.323;0.154;381;96.063;41.282;0;0.000;5;131;30;0;100.000;0;0;0;16;238;1132
367;64.499;0.154;382;96.073;41.327;0;0.000;5;131;30;0;100.000;0;0;0;16;238;1132
368;64.675;0.154;383;96.084;41.401;0;0.000;5;131;30;0;100.000;0;0;0;16;238;1132
369;64.851;0.154;384;96.094;41.460;0;0.000;5;131;30;0;100.000;0;0;0;16;238;1136
370;65.026;0.155;385;96.104;41.448;0;0.000;5;131;30;0;100.000;0;0;0;16;238;1136
371;65.202;0.155;386;96.114;41.410;0;0.000;5;134;33;0;100.000;0;0;0;16;238;1140
372;65.378;0.156;387;96.124;41.475;0;0.000;5;134;33;0;100.000;0;0;0;16;238;1140
373;65.554;0.156;388;96.134;41.539;0;0.000;5;134;33;0;100.000;0;0;0;16;238;1140
374;65.729;0.156;389;96.144;41.552;0;0.000;5;134;33;0;100.000;0;0;0;16;238;1144
375;65.905;0.156;390;96.154;41.619;0;0.000;5;134;33;0;100.000;0;0;0;17;238;1144
376;66.081;0.156;391;96.164;41.684;0;0.000;5;134;33;0;100.000;0;0;0;18;238;1144
377;66.257;0.156;392;96.173;41.748;0;0.000;5;134;33;0;100.000;0;0;0;19;241;1148
378;66.432;0.157;393;96.183;41.744;0;0.000;5;140;33;0;100.000;0;0;0;19;241;1152
379;66.608;0.157;394;96.193;41.743;0;0.000;5;140;33;0;100.000;0;0;0;19;241;1156
380;66.784;0.158;395;96.203;41.739;0;0.000;5;146;33;0;100.000;0;0;0;19;245;1160
381;66.960;0.158;396;96.212;41.804;0;0.000;5;146;33;0;100.000;0;0;0;19;245;1160
382;67.135;0.158;397;96.222;41.796;0;0.000;5;146;33;0;100.000;0;0;0;19;245;1164
383;67.311;0.159;398;96.231;41.796;0;0.000;5;146;33;0;110.000;0;0;0;19;249;1164
384;67.487;0.159;400;96.000;41.899;0;0.000;5;146;33;0;110.000;0;0;0;20;249;1168
385;67.663;0.159;401;96.010;41.920;0;0.000;5;146;33;0;110.000;0;0;0;20;251;1168
386;67.838;0.160;402;96.020;41.899;0;0.000;5;146;33;0;110.000;0;0;0;20;251;1169
387;68.014;0.160;403;96.030;41.951;0;0.000;5;146;33;0;110.000;0;0;0;20;251;1169
388;68.190;0.161;405;95.802;42.041;0;0.000;5;146;33;0;110.000;0;0;0;21;249;1169
389;68.366;0.161;406;95.813;42.100;0;0.000;5;146;33;0;110.000;0;0;0;21;249;1170
390;68.541;0.161;407;95.823;42.138;0;0.000;5;146;33;0;110.000;0;0;0;22;249;1174
391;68.717;0.161;408;95.833;42.145;0;0.000;5;146;33;0;110.000;0;0;0;22;253;1174
392;68.893;0.161;409;95.844;42.212;0;0.000;5;146;33;0;110.000;0;0;0;22;256;1178
393;69.069;0.162;410;95.854;42.196;0;0.000;5;147;33;0;110.000;0;0;0;22;258;1182
394;69.244;0.162;411;95.864;42.193;0;0.000;5;147;33;0;110.000;0;0;0;22;260;1186
395;69.420;0.163;412;95.874;42.223;0;0.000;5;147;33;0;110.000;0;0;0;22;260;1190
396;69.596;0.163;413;95.884;42.282;0;0.000;5;147;33;0;110.000;0;0;0;22;260;1194
397;69.772;0.163;415;95.663;42.367;0;0.000;5;147;33;0;110.000;0;0;0;22;260;1194
398;69.947;0.163;416;95.673;42.433;0;0.000;5;147;33;0;110.000;0;0;0;22;262;1198
399;70.123;0.164;417;95.683;42.411;0;0.000;5;147;33;0;110.000;0;0;0;22;262;1202
400;70.299;0.164;418;95.694;42.423;0;0.000;5;147;33;0;120.000;0;0;0;22;262;1206
401;70.475;0.165;419;95.704;42.435;0;0.000;5;147;33;0;130.000;0;0;0;22;264;1210
402;70.650;0.165;420;95.714;42.501;0;0.000;5;147;33;0;130.000;0;0;0;23;267;1210
403;70.826;0.165;421;95.724;42.439;0;0.000;7;188;33;0;130.000;0;0;0;23;267;1210
404;71.002;0.166;422;95.735;42.474;0;0.000;7;188;33;0;130.000;0;0;0;23;267;1214
405;71.178;0.166;425;95.294;42.559;0;0.000;7;188;33;0;130.000;0;0;0;23;269;1222
406;71.353;0.167;426;95.305;42.535;0;0.000;7;188;33;0;140.000;0;0;0;23;269;1226
407;71.529;0.168;428;95.093;42.546;0;0.000;7;188;33;0;140.000;0;0;0;23;269;1230
408;71.705;0.168;429;95.105;42.518;0;0.000;7;188;33;0;140.000;0;0;0;23;269;1234
409;71.880;0.169;431;94.896;42.629;0;0.000;7;188;33;0;140.000;0;0;0;25;269;1242
410;72.056;0.178;432;94.907;40.547;0;0.000;7;182;33;0;140.000;0;0;0;25;269;1246
411;72.232;0.178;433;94.919;40.489;0;0.000;7;182;33;0;140.000;0;0;0;25;269;1246
412;72.408;0.179;434;94.931;40.489;0;0.000;7;182;33;0;140.000;0;0;0;25;269;1247
413;72.583;0.179;435;94.943;40.441;0;0.000;8;185;34;0;140.000;0;0;0;25;269;1251
414;72.759;0.179;436;94.954;40.483;0;0.000;8;185;34;0;140.000;0;0;0;25;269;1255
415;72.935;0.180;437;94.966;40.414;0;0.000;8;185;34;0;140.000;0;0;0;25;269;1255
416;73.111;0.181;438;94.977;40.405;0;0.000;8;185;34;0;140.000;0;0;0;25;269;1255
417;73.286;0.181;439;94.989;40.439;0;0.000;8;185;34;0;140.000;0;0;0;25;271;1255
418;73.462;0.181;440;95.000;40.410;0;0.000;8;190;34;0;140.000;0;0;0;25;271;1259
419;73.638;0.182;441;95.011;40.466;0;0.000;8;190;34;0;140.000;0;0;0;25;273;1263
420;73.814;0.182;442;95.023;40.484;0;0.000;8;190;34;0;140.000;0;0;0;25;273;1263
421;73.989;0.182;443;95.034;40.522;0;0.000;8;190;34;0;140.000;0;0;0;25;273;1267
422;74.165;0.183;444;95.045;40.441;0;0.000;8;194;38;0;140.000;0;0;0;25;275;1271
423;74.341;0.184;445;95.056;40.404;0;0.000;8;202;38;0;140.000;0;0;0;25;275;1275
424;74.517;0.184;446;95.067;40.355;0;0.000;8;208;38;0;140.000;0;0;0;25;275;1276
425;74.692;0.184;447;95.078;40.421;0;0.000;8;208;38;0;140.000;0;0;0;26;277;1276
426;74.868;0.185;448;95.089;40.360;0;0.000;9;221;45;0;140.000;0;0;0;26;279;1280
427;75.044;0.185;449;95.100;40.424;0;0.000;9;221;45;0;140.000;0;0;0;26;279;1284
428;75.220;0.186;450;95.111;40.396;0;0.000;9;224;45;0;140.000;0;0;0;26;279;1288
429;75.395;0.186;451;95.122;40.382;0;0.000;9;224;45;0;140.000;0;0;0;26;279;1292
430;75.571;0.187;452;95.133;40.375;0;0.000;9;225;45;0;140.000;0;0;0;26;279;1296
431;75.747;0.187;453;95.143;40.357;0;0.000;9;227;45;0;140.000;0;0;0;26;279;1300
432;75.923;0.187;454;95.154;40.416;0;0.000;9;227;45;0;140.000;0;0;0;26;281;1304
433;76.098;0.188;455;95.165;40.436;0;0.000;9;229;45;0;140.000;0;0;0;26;284;1308
434;76.274;0.188;456;95.175;40.421;0;0.000;9;229;45;0;140.000;0;0;0;26;284;1312
435;76.450;0.188;457;95.186;40.479;0;0.000;9;229;45;0;140.000;0;0;0;27;284;1313
436;76.626;0.189;459;94.989;40.565;0;0.000;9;229;45;0;140.000;0;0;0;27;284;1314
437;76.801;0.189;460;95.000;40.564;0;0.000;9;232;46;0;140.000;0;0;0;27;284;1318
438;76.977;0.189;461;95.011;40.617;0;0.000;9;232;46;0;140.000;0;0;0;27;286;1318
439;77.153;0.189;462;95.022;40.658;0;0.000;9;232;46;0;140.000;0;0;0;27;286;1322
440;77.329;0.190;464;94.828;40.735;0;0.000;9;232;46;0;140.000;0;0;0;27;282;1318
441;77.504;0.190;465;94.839;40.775;0;0.000;9;232;46;0;140.000;0;0;0;27;282;1322
442;77.680;0.190;466;94.850;40.788;0;0.000;9;232;46;0;150.000;0;0;0;27;284;1326
443;77.856;0.191;467;94.861;40.820;0;0.000;9;232;46;0;150.000;0;0;0;28;287;1330
444;78.032;0.191;468;94.872;40.777;0;0.000;10;235;47;0;150.000;0;0;0;28;287;1334
445;78.207;0.192;469;94.883;40.745;0;0.000;10;235;47;0;150.000;0;0;0;28;289;1338
446;78.383;0.192;470;94.894;40.766;0;0.000;10;235;47;0;150.000;0;0;0;29;289;1342
447;78.559;0.193;471;94.904;40.740;0;0.000;10;247;47;0;150.000;0;0;0;29;289;1343
448;78.735;0.193;472;94.915;40.752;0;0.000;10;249;47;0;150.000;0;0;0;29;293;1344
449;78.910;0.193;473;94.926;40.803;0;0.000;10;249;47;0;150.000;0;0;0;29;293;1344
450;79.086;0.193;474;94.937;40.838;0;0.000;10;249;47;0;150.000;0;0;0;29;293;1348
451;79.262;0.194;475;94.947;40.861;0;0.000;10;249;47;0;150.000;0;0;0;30;293;1352
452;79.438;0.194;477;94.759;40.941;0;0.000;10;249;47;0;150.000;0;0;0;30;293;1356
453;79.613;0.194;478;94.770;40.993;0;0.000;10;249;47;0;150.000;0;0;0;30;293;1360
454;79.789;0.195;479;94.781;40.982;0;0.000;10;249;47;0;150.000;0;0;0;30;295;1364
455;79.965;0.195;480;94.792;41.017;0;0.000;10;249;47;0;150.000;0;0;0;31;295;1368
456;80.141;0.195;481;94.802;41.065;0;0.000;10;249;47;0;150.000;0;0;0;32;295;1372
457;80.316;0.196;482;94.813;41.059;0;0.000;10;250;47;0;150.000;0;0;0;32;295;1376
458;80.492;0.196;483;94.824;41.095;0;0.000;10;250;47;0;150.000;0;0;0;32;295;1376
459;80.668;0.196;485;94.639;41.164;0;0.000;10;252;47;0;150.000;0;0;0;32;294;1376
460;80.844;0.196;486;94.650;41.223;0;0.000;10;252;47;0;150.000;0;0;0;32;297;1380
461;81.019;0.197;489;94.274;41.362;0;0.000;10;252;47;0;150.000;0;0;0;32;301;1380
462;81.195;0.197;491;94.094;41.446;0;0.000;10;250;47;0;150.000;0;0;0;32;301;1384
463;81.371;0.198;492;94.106;41.452;0;0.000;10;250;47;0;150.000;0;0;0;32;301;1388
464;81.547;0.198;493;94.118;41.510;0;0.000;10;250;47;0;150.000;0;0;0;32;301;1392
465;81.722;0.199;494;94.130;41.438;0;0.000;12;262;48;0;150.000;0;0;0;32;301;1396
466;81.898;0.199;497;93.763;41.539;0;0.000;12;262;48;0;160.000;0;0;0;33;299;1396
467;82.074;0.200;499;93.587;41.597;0;0.000;12;262;48;0;160.000;0;0;0;33;299;1396
468;82.250;0.200;500;93.600;41.618;0;0.000;12;268;51;0;160.000;0;0;0;33;299;1400
469;82.425;0.201;501;93.613;41.596;0;0.000;12;273;52;0;160.000;0;0;0;33;300;1400
470;82.601;0.201;503;93.439;41.714;0;0.000;12;273;52;0;160.000;0;0;0;34;302;1404
471;82.777;0.201;505;93.267;41.797;0;0.000;12;273;52;0;170.000;0;0;0;34;305;1408
472;82.953;0.202;506;93.281;41.833;0;0.000;12;273;52;0;170.000;0;0;0;34;307;1412
473;83.128;0.202;507;93.294;41.867;0;0.000;12;273;52;0;170.000;0;0;0;34;307;1416
474;83.304;0.202;508;93.307;41.923;0;0.000;12;273;52;0;170.000;0;0;0;34;307;1420
475;83.480;0.202;509;93.320;41.938;0;0.000;12;273;52;0;170.000;0;0;0;34;307;1424
476;83.656;0.203;511;93.151;42.026;0;0.000;12;273;52;0;170.000;0;0;0;35;309;1428
477;83.831;0.203;512;93.164;42.072;0;0.000;12;273;52;0;180.000;0;0;0;35;309;1432
478;84.007;0.203;513;93.177;42.107;0;0.000;12;273;52;0;180.000;0;0;0;35;309;1432
479;84.183;0.203;514;93.191;42.099;0;0.000;17;279;52;0;180.000;0;0;0;35;309;1432
480;84.359;0.204;515;93.204;42.103;0;0.000;20;285;53;0;180.000;0;0;0;35;309;1436
481;84.534;0.204;516;93.217;42.119;0;0.000;20;285;53;0;180.000;0;0;0;35;309;1440
482;84.710;0.204;517;93.230;42.151;0;0.000;20;285;53;0;180.000;0;0;0;36;309;1444
483;84.886;0.205;518;93.243;42.210;0;0.000;20;285;53;0;180.000;0;0;0;36;309;1448
484;85.062;0.205;519;93.256;42.263;0;0.000;20;285;53;0;180.000;0;0;0;36;309;1452
485;85.237;0.205;520;93.269;42.256;0;0.000;20;285;53;0;180.000;0;0;0;36;309;1456
486;85.413;0.206;523;92.925;42.239;0;0.000;20;293;54;0;180.000;0;0;0;36;306;1456
487;85.589;0.207;525;92.762;42.290;0;0.000;20;293;54;0;180.000;0;0;0;36;304;1460
488;85.764;0.207;526;92.776;42.276;0;0.000;20;305;54;0;190.000;0;0;0;36;304;1461
489;85.940;0.208;527;92.789;42.329;0;0.000;20;305;54;0;190.000;0;0;0;36;306;1465
490;86.116;0.208;529;92.628;42.373;0;0.000;20;305;54;0;190.000;0;0;0;36;306;1469
491;86.292;0.209;532;92.293;42.368;0;0.000;20;293;54;0;190.000;0;0;0;36;306;1470
492;86.467;0.209;533;92.308;42.416;0;0.000;20;293;54;0;190.000;0;0;0;36;309;1474
493;86.643;0.210;534;92.322;42.401;0;0.000;20;293;54;0;190.000;0;0;0;36;309;1478
494;86.819;0.210;535;92.336;42.421;0;0.000;20;293;54;0;190.000;0;0;0;37;312;1482
495;86.995;0.211;537;92.179;42.386;0;0.000;20;293;54;0;190.000;0;0;0;38;312;1482
496;87.170;0.221;542;91.513;40.848;0;0.000;20;297;58;0;190.000;0;0;0;38;316;1471
497;87.346;0.221;544;91.360;40.944;0;0.000;20;297;58;0;190.000;0;0;0;39;316;1475
498;87.522;0.222;545;91.376;40.958;0;0.000;20;297;58;0;200.000;0;0;0;39;317;1479
499;87.698;0.231;547;91.225;39.534;0;0.000;20;303;64;0;200.000;0;0;0;39;316;1483
500;87.873;0.231;549;91.075;39.606;0;0.000;20;303;64;0;200.000;0;0;0;39;322;1487
501;88.049;0.231;551;90.926;39.673;0;0.000;20;303;64;0;200.000;0;0;0;39;323;1491
502;88.225;0.232;554;90.614;39.778;0;0.000;20;303;64;0;200.000;0;0;0;39;323;1495
503;88.401;0.232;555;90.631;39.824;0;0.000;20;303;64;0;200.000;0;0;0;39;323;1499
504;88.576;0.232;556;90.647;39.866;0;0.000;20;303;64;0;200.000;0;0;0;39;325;1503
505;88.752;0.233;557;90.664;39.846;0;0.000;20;317;64;0;210.000;0;0;0;39;325;1503
506;88.928;0.233;558;90.681;39.829;0;0.000;21;319;65;0;210.000;0;0;0;39;325;1507
507;89.104;0.234;560;90.536;39.880;0;0.000;21;319;65;0;210.000;0;0;0;39;324;1515
508;89.279;0.234;561;90.553;39.921;0;0.000;21;319;65;0;210.000;0;0;0;39;324;1519
509;89.455;0.235;562;90.569;39.921;0;0.000;21;319;65;0;210.000;0;0;0;39;324;1523
510;89.631;0.235;564;90.426;39.973;0;0.000;21;319;65;0;210.000;0;0;0;39;324;1527
511;89.807;0.236;569;89.807;40.170;0;0.000;21;319;65;0;210.000;0;0;0;39;327;1534
512;89.982;0.236;570;89.825;40.213;0;0.000;21;319;65;0;210.000;0;0;0;39;327;1538
513;90.158;0.237;571;89.842;40.223;0;0.000;21;330;68;0;210.000;0;0;0;39;327;1539
514;90.334;0.237;573;89.703;40.224;0;0.000;21;330;68;0;210.000;0;0;0;39;329;1547
515;90.510;0.239;578;89.100;40.380;0;0.000;21;333;71;0;210.000;0;0;0;39;331;1550
516;90.685;0.239;579;89.119;40.427;0;0.000;21;333;71;0;210.000;0;0;0;39;331;1554
517;90.861;0.239;582;88.832;40.502;0;0.000;21;351;82;0;210.000;0;0;0;39;331;1558
518;91.037;0.240;583;88.851;40.559;0;0.000;21;351;82;0;210.000;0;0;0;39;333;1558
519;91.213;0.240;585;88.718;40.631;0;0.000;21;351;82;0;210.000;0;0;0;39;333;1561
520;91.388;0.240;586;88.737;40.636;0;0.000;21;351;82;0;210.000;0;0;0;39;333;1565
521;91.564;0.240;587;88.756;40.688;0;0.000;21;351;82;0;210.000;0;0;0;40;336;1569
522;91.740;0.241;592;88.176;40.910;0;0.000;21;351;82;0;210.000;0;0;0;41;339;1576
523;91.916;0.242;593;88.196;40.911;0;0.000;21;351;82;0;210.000;0;0;0;41;339;1580
524;92.091;0.242;594;88.215;40.958;0;0.000;21;351;82;0;210.000;0;0;0;41;339;1580
525;92.267;0.242;595;88.235;41.006;0;0.000;21;351;82;0;210.000;0;0;0;41;339;1580
526;92.443;0.243;599;87.813;41.121;0;0.000;21;351;82;0;210.000;0;0;0;39;339;1584
527;92.619;0.252;603;87.396;39.909;0;0.000;21;351;82;0;210.000;0;0;0;39;335;1584
528;92.794;0.253;609;86.700;40.070;0;0.000;21;351;82;0;210.000;0;0;0;38;330;1577
529;92.970;0.262;613;86.297;38.922;0;0.000;21;351;82;0;210.000;0;0;0;38;335;1585
530;93.146;0.263;616;86.039;39.004;0;0.000;21;351;82;0;210.000;0;0;0;38;338;1589
531;93.322;0.263;617;86.062;39.034;0;0.000;21;351;82;0;210.000;0;0;0;38;338;1589
532;93.497;0.265;622;85.531;39.171;0;0.000;21;351;82;0;220.000;0;0;0;39;337;1589
533;93.673;0.265;623;85.554;39.167;0;0.000;21;351;82;0;220.000;0;0;0;39;339;1593
534;93.849;0.266;625;85.440;39.199;0;0.000;24;375;97;0;220.000;0;0;0;39;341;1592
535;94.025;0.266;628;85.191;39.302;0;0.000;24;375;97;0;220.000;0;0;0;40;343;1600
536;94.200;0.269;643;83.359;39.835;0;0.000;24;375;97;0;220.000;0;0;0;36;346;1600
537;94.376;0.271;654;82.110;40.169;0;0.000;24;375;97;0;220.000;0;0;0;36;344;1600
538;94.552;0.272;657;81.887;40.279;0;0.000;24;375;97;0;220.000;0;0;0;36;344;1601
539;94.728;0.284;673;80.089;39.527;0;0.000;24;387;97;0;230.000;0;0;0;37;341;1617
540;94.903;0.290;693;77.922;39.877;0;0.000;24;387;97;0;230.000;0;0;0;36;345;1609
541;95.079;0.290;694;77.954;39.882;0;0.000;75;508;149;0;230.000;0;0;0;36;345;1609
542;95.255;1.511;4241;12.780;46.783;0;0.000;26;378;105;0;230.000;0;0;0;37;352;1575
543;95.431;15.330;31849;1.705;34.627;0;0.000;26;368;93;0;230.000;0;0;0;41;339;1606
